[
    {
        "ParameterKey": "EnvironmentName",
        "ParameterValue": "UdagramApp"
    },
    {
        "ParameterKey": "VpcCIDR",
        "ParameterValue": "10.20.0.0/16"
    },
    {
        "ParameterKey": "PublicSubnet1CIDR",
        "ParameterValue": "10.20.0.0/24"
    },
    {
        "ParameterKey": "PublicSubnet2CIDR",
        "ParameterValue": "10.20.1.0/24"
    },
    {
        "ParameterKey": "PrivateSubnet1CIDR",
        "ParameterValue": "10.20.2.0/24"
    },
    {
        "ParameterKey": "PrivateSubnet2CIDR",
        "ParameterValue": "10.20.3.0/24"
    }
]